user_input,retrieved_contexts,response,reference,faithfulness,context_precision,context_recall
What does NVDA's most recent 10-K say about the company's primary revenue growth drivers?,"['Several participants noted that the recent downgrade in earnings forecasts \nfrom retailers and airline companies pointed to weaker consumer demand from both lower- and \nhigher-income households. Participants commented on a number of factors that could restrain \nconsumption, including weaker consumer sentiment and deteriorations in expected household \nfinancial situations, as indicated by a number of household surveys, and anticipation that the robust \nlabor income growth and significant increases in asset prices over the previous several years might \nnot continue. By contrast, a few participants noted that consumption spending could continue to be \nsupported by solid growth in real personal disposable income or by a rebound in equity prices. With regard to the business sector, most participants commented that contacts or surveys reported \nincreased uncertainty about potential changes in federal government policies and a deterioration in \nbusiness sentiment, which had led many firms to pause their capital spending plans. Several \nparticipants highlighted that the auto industry faced significant risks associated with tariffs because of \nits interconnected and cross-border supply chains. By contrast, several participants noted that their \ncontacts expressed optimism about future firm profitability driven by more business-friendly regulatory \nor fiscal policy changes or expected productivity gains from artificial intelligence and related \ntechnologies.', 'Although aggregate \nbusiness debt growth had been subdued in recent years, private credit had grown rapidly. Some \n \n2 The SLOOS results reported are based on banks’ responses, weighted by each bank’s outstanding loans in the respective loan \ncategory, and might therefore differ from the results reported in the published SLOOS, which are based on banks’ unweighted \nresponses.', 'The total market capitalization of stablecoins, \nsome of which may be vulnerable to runs, grew significantly in the past two years. Staff Economic Outlook \nRelative to the forecast prepared for the September meeting, real GDP growth was projected to be \nmodestly stronger, on balance, through 2028, reflecting stronger expected potential output growth \nand greater projected support from financial conditions.', 'Kress \xa0 Colette M. Kress \xa0 Executive Vice President\xa0and\xa0Chief Financial Officer \n\n EX-99.1\n 2\n q2fy26pr.htm\n EX-99.1\n\n Document NVIDIA Announces Financial Results for Second Quarter Fiscal 2026 • Revenue of $46.7 billion, up 6% from Q1 and up 56% from a year ago • Data Center revenue of $41.1 billion, up 5% from Q1 and up 56% from a year ago • Blackwell Data Center revenue grew 17% sequentially SANTA CLARA, Calif.—Aug. 27, 2025― NVIDIA (NASDAQ: NVDA) today reported revenue for the second quarter ended July 27, 2025, of $46.7 billion, up 6% from the previous quarter and up 56% from a year ago. NVIDIA’s Blackwell Data Center revenue grew 17% sequentially.', 'Kress \xa0 Colette M. Kress \xa0 Executive Vice President\xa0and\xa0Chief Financial Officer \n\n EX-99.1\n 2\n q3fy26pr.htm\n EX-99.1\n\n Document NVIDIA Announces Financial Results for Third Quarter Fiscal 2026 • Record revenue of $57.0 billion, up 22% from Q2 and up 62% from a year ago • Record Data Center revenue of $51.2 billion, up 25% from Q2 and up 66% from a year ago SANTA CLARA, Calif.—Nov. 19, 2025― NVIDIA (NASDAQ: NVDA) today reported record revenue for the third quarter ended October 26, 2025, of $57.0 billion, up 22% from the previous quarter and up 62% from a year ago. For the quarter, GAAP and non-GAAP gross margins were 73.4% and 73.6%, respectively.', 'Kress \xa0 Colette M. Kress \xa0 Executive Vice President\xa0and\xa0Chief Financial Officer \n\n EX-99.1\n 2\n q1fy27pr.htm\n EX-99.1\n\n Document NVIDIA Announces Financial Results for First Quarter Fiscal 2027 • Record revenue of $81.6 billion, up 85% from a year ago • Record Data Center revenue of $75.2 billion, up 92% from a year ago • NVIDIA announces $80.0 billion additional share repurchase authorization and increases its quarterly cash dividend from $0.01 per share to $0.25 per share SANTA CLARA, Calif.—May 20, 2026― NVIDIA (NASDAQ: NVDA) today reported record revenue for the first quarter ended April 26, 2026, of $81.6 billion, up 20% from the previous quarter and up 85% from a year ago. For the quarter, GAAP and non-GAAP gross margins were 74.9% and 75.0%, respectively.']","The evidence points to insufficient information, as the provided context lacks direct quotes from NVDA's 10-K filings, making it unclear what the company's primary revenue growth drivers are. The earnings transcripts highlight significant growth in Data Center revenue, but specific drivers are not mentioned.

The biggest risk is missing key details from the 10-K filings.","NVIDIA's 10-K attributes its revenue growth primarily to its Data Center segment, driven by demand for GPUs and accelerated computing platforms used in AI and large language model training and inference.",0.8333333333333334,0.249999999975,1.0
How did NVDA's data center revenue trend in the latest earnings release?,"['Treasury yields were little changed, on net, over the period, consistent with \nstable expectations for the policy rate. Inflation compensation moved lower over the period, \nparticularly for shorter tenors, with staff models attributing these recent movements to temporary \nfactors. Broad equity indexes continued to rise over the period, with the largest technology companies \nperforming strongly on market participants’ optimism about artificial intelligence (AI). The manager \nnoted that rising stock prices were consistent with expectations for continued robust growth in \nearnings.', 'Broad equity prices rose, with more pronounced increases in stock prices in cyclical sectors amid \nincreased investor optimism for corporate profits, and high-yield bond spreads narrowed. The VIX—a \nforward-looking measure of near-term equity market volatility—fell notably and remained well below \npre-election levels. Foreign financial market pricing reflected weaker-than-expected foreign data releases, expectations of \nfurther policy easing by foreign central banks, and potential changes in U.S.', 'The staff judged that asset \nvaluation pressures were elevated. Price-to-earnings ratios for public equities stood at the upper end \nof their historical distribution, reflecting, in part, expectations of strong earnings growth for technology \nfirms and elevated risk appetite among investors. Vulnerabilities associated with nonfinancial business and household debt were characterized as \nmoderate.', 'Kress \xa0 Colette M. Kress \xa0 Executive Vice President\xa0and\xa0Chief Financial Officer \n\n EX-99.1\n 2\n q2fy26pr.htm\n EX-99.1\n\n Document NVIDIA Announces Financial Results for Second Quarter Fiscal 2026 • Revenue of $46.7 billion, up 6% from Q1 and up 56% from a year ago • Data Center revenue of $41.1 billion, up 5% from Q1 and up 56% from a year ago • Blackwell Data Center revenue grew 17% sequentially SANTA CLARA, Calif.—Aug. 27, 2025― NVIDIA (NASDAQ: NVDA) today reported revenue for the second quarter ended July 27, 2025, of $46.7 billion, up 6% from the previous quarter and up 56% from a year ago. NVIDIA’s Blackwell Data Center revenue grew 17% sequentially.', 'Kress \xa0 Colette M. Kress \xa0 Executive Vice President\xa0and\xa0Chief Financial Officer \n\n EX-99.1\n 2\n q3fy26pr.htm\n EX-99.1\n\n Document NVIDIA Announces Financial Results for Third Quarter Fiscal 2026 • Record revenue of $57.0 billion, up 22% from Q2 and up 62% from a year ago • Record Data Center revenue of $51.2 billion, up 25% from Q2 and up 66% from a year ago SANTA CLARA, Calif.—Nov. 19, 2025― NVIDIA (NASDAQ: NVDA) today reported record revenue for the third quarter ended October 26, 2025, of $57.0 billion, up 22% from the previous quarter and up 62% from a year ago. For the quarter, GAAP and non-GAAP gross margins were 73.4% and 73.6%, respectively.', 'Data Center networking revenue was a record $14.8 billion, up 199% from a year ago and up 35% sequentially. Q1 Fiscal 2027 Summary GAAP ($ in millions, except earnings per share) Q1 FY27 Q4 FY26 Q1 FY26 Q/Q Y/Y Revenue $81,615 $68,127 $44,062 20\xa0 % 85\xa0 % Gross margin 74.9\xa0 % 75.0\xa0 % 60.5\xa0 % (0.1) pts 14.4 pts Operating expenses $7,621 $6,794 $5,030 12\xa0 % 52\xa0 % Operating income $53,536 $44,299 $21,638 21\xa0 % 147\xa0 % Net income $58,321 $42,960 $18,775 36\xa0 % 211\xa0 % Diluted earnings per share $2.39 $1.76 $0.76 36\xa0 % 214\xa0 % Non-GAAP ($ in millions, except earnings per share) Q1 FY27 Q4 FY26 Q1 FY26 Q/Q Y/Y Revenue $81,615 $68,127 $44,062 20\xa0 % 85\xa0 % Gross margin 75.0\xa0 % 75.1\xa0 % 60.8\xa0 % (0.1) pts 14.2 pts Operating expenses $7,449 $6,666 $4,993 12\xa0 % 49\xa0 % Operating income $53,783 $44,474 $21,801 21\xa0 % 147\xa0 % Net income $45,548 $38,969 $19,094 17\xa0 % 139\xa0 % Diluted earnings per share $1.87 $1.59 $0.78 18\xa0 % 140\xa0 % Outlook NVIDIA’s outlook for the second quarter of fiscal 2027 is as follows: • Revenue is expected to be $91.0 billion, plus or minus 2%. NVIDIA is not assuming any Data Center compute revenue from China in its outlook. • GAAP and non-GAAP gross margins are expected to be 74.9% and 75.0%, respectively, plus or minus 50 basis points. • GAAP and non-GAAP operating expenses are expected to be approximately $8.5 billion and $8.3 billion, respectively. For the full year fiscal 2027, NVIDIA expects GAAP and non-GAAP tax rates to be between 16.0% and 18.0%, excluding any discrete items and material changes to NVIDIA’s tax environment. Highlights Data Center • First-quarter revenue was a record $75.2 billion, up 21% from the previous quarter and up 92% from a year ago.']","The evidence points to a strong upward trend in NVDA's data center revenue, with a 92% increase from last year and 21% from the previous quarter. This is evident from the record $75.2 billion revenue reported in Q1 FY2027.

The biggest risk is over-reliance on Chinese demand, as the outlook excludes Data Center compute revenue from China.","NVIDIA's latest earnings release reported continued strong year-over-year growth in Data Center revenue, reaching a new record on sustained AI infrastructure demand.",0.8333333333333334,0.3833333333205555,1.0
What is the Federal Reserve's current stance on interest rates according to the latest FOMC minutes?,"['FOMC\n \n \n \nFEDERAL RESERVE SYSTEM \nMinutes of the \nFederal Open Market Committee \nJanuary 28–29, 2025', '14    April 28–29, 2026 \n \ninterest rate paid on reserve balances at 3.65 percent, effective April 30, 2026. The Board of \nGovernors of the Federal Reserve System voted unanimously to approve the establishment of the \nprimary credit rate at the existing level of 3.75 percent. It was agreed that the next meeting of the Committee would be held on Tuesday–Wednesday, June \n16–17, 2026.', 'Voting against this action:  None. Consistent with the Committee’s decision to leave the target range for the federal funds rate \nunchanged, the Board of Governors of the Federal Reserve System voted unanimously to maintain the \ninterest rate paid on reserve balances at 4.4 percent, effective January 30, 2025. The Board of \nGovernors of the Federal Reserve System voted unanimously to approve the establishment of the \nprimary credit rate at the existing level of 4.5 percent, effective January 30, 2025. It was agreed that the next meeting of the Committee would be held on Tuesday–Wednesday, \nMarch 18–19, 2025.', 'federal research tax credit relative to the increase in income before income tax. Our effective tax rates for fiscal years 2026 and 2025 were lower than the U.S. federal statutory rate of 21.0% primarily due to tax benefits from FDDEI, stock-based compensation, income earned in jurisdictions that are subject to taxes at rates lower than the U.S. federal statutory tax rate, and the U.S.', 'As the Notes bear interest at a fixed rate, we have no financial statement risk associated with changes in interest rates. Refer to Note 11 of the Notes to the Consolidated Financial Statements in Part\xa0IV, Item\xa015 of this Annual Report on Form\xa010-K for additional information.', 'The guarantees, classified as credit derivatives with changes in fair value recognized in Other income and expense, were not material. 69 Table of Contents NVIDIA Corporation and Subsidiaries Notes to the Consolidated Financial Statements (Continued) Note 11 - Debt \xa0 Expected Remaining Term (years) Effective Interest Rate Jan 25, 2026 Jan 26, 2025 \xa0 \xa0 \xa0 (In millions) 3.20 % Notes Due 2026 0.6 3.31 % 1,000 \xa0 1,000 \xa0 1.55 % Notes Due 2028 2.4 1.64 % 1,250 \xa0 1,250 \xa0 2.85 % Notes Due 2030 4.2 2.93 % 1,500 \xa0 1,500 \xa0 2.00 % Notes Due 2031 5.4 2.09 % 1,250 \xa0 1,250 \xa0 3.50 % Notes Due 2040 14.2 3.54 % 1,000 \xa0 1,000 \xa0 3.50 % Notes Due 2050 24.2 3.54 % 2,000 \xa0 2,000 \xa0 3.70 % Notes Due 2060 34.2 3.73 % 500 \xa0 500 \xa0 Unamortized debt discount and issuance costs \xa0 \xa0 ( 32 ) ( 37 ) Net carrying amount \xa0 \xa0 8,468 \xa0 8,463 \xa0 Less short-term portion ( 999 ) — \xa0 Total long-term portion $ 7,469 \xa0 $ 8,463 \xa0 As of January\xa025, 2026 and January\xa026, 2025, the estimated fair value of debt was $ 7.5 \xa0billion and $ 7.2 \xa0billion, respectively. The estimated fair values are based on Level 2 inputs.']","The evidence points to the Federal Reserve maintaining its current interest rate stance, as seen in the latest FOMC minutes where the interest rate paid on reserve balances was set at 3.65 percent. This decision aligns with the Committee's previous unanimous decision to leave the target range for the federal funds rate unchanged.

The biggest risk is a potential increase in interest rates affecting debt portfolios.","The most recent FOMC minutes indicate the Committee is on a measured, data-dependent easing path, weighing progress on inflation against labor-market conditions before adjusting the policy rate.",0.8,0.0,0.0
How are things looking for NVDA right now?,"['outlook, as investors responded to both weaker-than-expected consumer \nspending and sentiment data as well as to developments in trade policy that had raised uncertainty. The manager observed that the implied average federal funds rate path from futures had shifted \nnoticeably lower over the intermeeting period for horizons beyond the middle of this year. By contrast, \nthe implied modal federal funds rate path from options was little changed, consistent with the \ninterpretation that the baseline outlook had not changed materially. The Open Market Desk’s Survey \nof Market Expectations told a similar story, as the median respondent’s modal path for the federal \nfunds rate in 2025 was little changed. The expected timing of rate cuts in 2026 and 2027 was \nbrought forward about a quarter, but the expected terminal rate was unchanged. Survey respondents, \nhowever, attached noticeably higher probabilities to both lower gross domestic product (GDP) growth \noutcomes and higher inflation outcomes for 2025 compared with the January survey, consistent with \na higher perceived risk of a negative supply shock this year. Nominal Treasury yields declined about 25 basis points, on net, over the period, led by decreases in \nreal yields that reflected lower expected real rates and lower real term premiums. Near-term \nmeasures of inflation compensation rose amid trade-related developments, while at horizons beyond \na year, forward measures of inflation compensation fell.', 'Broad equity prices rose, with more pronounced increases in stock prices in cyclical sectors amid \nincreased investor optimism for corporate profits, and high-yield bond spreads narrowed. The VIX—a \nforward-looking measure of near-term equity market volatility—fell notably and remained well below \npre-election levels. Foreign financial market pricing reflected weaker-than-expected foreign data releases, expectations of \nfurther policy easing by foreign central banks, and potential changes in U.S.', '2    October 28-29, 2025 \n \nincreased investor scrutiny of credit markets, with investors reportedly closely tracking the riskiest \nsegments of credit markets for signs of weakening and noting the possibility of future losses. Regarding international developments, the manager noted that the trade-weighted dollar index rose \nsomewhat over the period.', ""Part II Item 5. Market for Registrant's Common Equity, Related Stockholder Matters and Issuer Purchases of Equity Securities Our common stock is traded on the Nasdaq Global Select\xa0Market under the symbol NVDA. Public trading of our common stock began on January 22, 1999."", 'Pacific time (5 p.m. Eastern time). A live webcast (listen-only mode) of the conference call will be accessible at NVIDIA’s investor relations website, https://investor.nvidia.com. The webcast will be recorded and available for replay until NVIDIA’s conference call to discuss its financial results for its first quarter of fiscal 2027. Non-GAAP Measures To supplement NVIDIA’s condensed consolidated financial statements presented in accordance with GAAP, the company uses non-GAAP measures of certain components of financial performance. These non-GAAP measures include non-GAAP gross profit, non-GAAP gross margin, non-GAAP operating expenses, non-GAAP operating income, non-GAAP other income (expense), net, non-GAAP net income, non-GAAP net income, or earnings, per diluted share, and free cash flow. For NVIDIA’s investors to be better able to compare its current results with those of previous periods, the company has shown a reconciliation of GAAP to non-GAAP financial measures. The reconciliations for fiscal years 2025 and 2026 adjust the related GAAP financial measures to exclude stock-based compensation expense, acquisition-related and other costs, other, gains/losses from non-marketable and publicly-held equity securities, net, interest expense related to amortization of debt discount, and the associated tax impact of these items where applicable. Beginning in the first quarter of fiscal 2027, NVIDIA’s non-GAAP financial measures will no longer exclude stock-based compensation expense. Free cash flow is calculated as GAAP net cash provided by operating activities less both purchases related to property and equipment and intangible assets and principal payments on property and equipment and intangible assets. NVIDIA believes the presentation of its non-GAAP financial measures enhances the user’s overall understanding of the company’s historical financial performance. The presentation of the company’s non-GAAP financial measures is not meant to be considered in isolation or as a substitute for the company’s financial results prepared in accordance with GAAP, and the company’s non-GAAP measures may be different from non-GAAP measures used by other companies. About NVIDIA NVIDIA (NASDAQ: NVDA) is the world leader in AI and accelerated computing. ### For further information, contact: Toshiya Hari Mylene Mangalindan Investor Relations Corporate Communications NVIDIA Corporation NVIDIA Corporation toshiyah@nvidia.com mmangalindan@nvidia.com Certain statements in this press release including, but not limited to, statements as to: computing demand growing exponentially; Grace Blackwell with NVLink being the king of inference today — delivering an order-of-magnitude lower cost per token — and Vera Rubin extending that leadership even further; enterprise adoption of agents skyrocketing; NVIDIA’s customers racing to invest in AI compute — the factories powering the AI industrial revolution and their future growth; expectations with respect to growth, performance and benefits of NVIDIA’s products, services and technologies, including Blackwell, and related trends and drivers; expectations with respect to supply and demand for NVIDIA’s products, services and technologies, including Blackwell, and related matters including inventory, production and distribution; expectations with respect to NVIDIA’s third party arrangements, including with its collaborators and partners; expectations with respect to technology developments, including Vera Rubin, and related trends and drivers; future NVIDIA cash dividends or other returns to stockholders; NVIDIA’s financial and business outlook for the first quarter of fiscal 2027 and beyond; projected market growth and trends; expectations with respect to AI and related industries; and other statements that are not historical facts are forward-looking statements within the meaning of Section 27A of the Securities Act of 1933, as amended, and Section 21E of the Securities Exchange Act of 1934, as amended, which are subject to the “safe harbor” created by those sections based on management’s beliefs and assumptions and on information currently available to management and are subject to risks and uncertainties that could cause results to be materially different than expectations. Important factors that could cause actual results to differ materially include: global economic and political conditions; NVIDIA’s reliance on third parties to manufacture, assemble, package and test NVIDIA’s products; the impact of technological development and competition; development of new products and technologies or enhancements to NVIDIA’s existing products and technologies; market acceptance of NVIDIA’s products or NVIDIA’s partners’ products; design, manufacturing or software defects; changes in consumer preferences or demands; changes in industry standards and interfaces; unexpected loss of performance of NVIDIA’s products or technologies when integrated into systems; NVIDIA’s ability to realize the potential benefits of business investments or acquisitions; and changes in applicable laws and regulations, as well as other factors detailed from time to time in the most recent reports NVIDIA files with the Securities and Exchange Commission, or SEC, including, but not limited to, its annual report on Form 10-K and quarterly reports on Form 10-Q.', 'NVIDIA’s outlook for the first quarter of fiscal 2027 is as follows: • Revenue is expected to be $78.0 billion, plus or minus 2%. NVIDIA is not assuming any Data Center compute revenue from China in its outlook. • GAAP and non-GAAP gross margins are expected to be 74.9% and 75.0%, respectively, plus or minus 50 basis points, inclusive of a 0.1% impact from stock-based compensation expense. • GAAP and non-GAAP operating expenses are expected to be approximately $7.7 billion and $7.5 billion, respectively, inclusive of $1.9 billion of stock-based compensation expense. For the full year fiscal 2027, GAAP and non-GAAP tax rates are expected to be between 17.0% and 19.0%, excluding any discrete items and material changes to NVIDIA’s tax environment. Highlights Data Center • Fourth-quarter revenue was a record $62.3 billion, up 22% from the previous quarter and up 75% from a year ago, driven by the major platform shifts — accelerated computing and AI.']","The evidence points to a positive outlook for NVDA, with strong revenue growth and record quarterly revenue. NVDA's Q1 FY2027 earnings guidance shows expected revenue of $78.0 billion and high gross margins.

The biggest risk is a decline in demand for their products, which could impact revenue growth.","NVIDIA's recent filings and earnings show strong Data Center and AI-driven revenue growth, while the macro backdrop (Fed easing, moderating inflation, a cooling labor market) is broadly supportive, subject to the risk factors noted in its 10-K.",1.0,0.26666666665333333,0.6666666666666666
Do the Fed's rate path and NVDA's earnings trajectory point in the same direction for the stock?,"['An exception was the Bank of Mexico, which cut its policy \nrate 25 basis points in late March. Staff Review of the Financial Situation \nOver the intermeeting period, the market-implied expected path of the federal funds rate moved up \nmodestly, showing only a slight decline over the remainder of the year. The higher expected policy rate \npath was driven in part by investor concerns about the potential for near-term inflationary pressures \ndue to the conflict in the Middle East. While both market- and survey-based measures of inflation \nexpectations indicated upside risks to the near-term inflation outlook, measures of medium- and \nlonger-term inflation expectations remained well anchored. Despite geopolitical uncertainty and realized volatility, broad equity price indexes increased, on net, \nover the intermeeting period, supported by benign data on economic activity and overall strong \ncorporate earnings releases.', 'Minutes of the Federal Open Market Committee    5 \n \n \n \nand the trade-weighted value of the dollar had risen slightly. In considering the expected path of the \nfederal funds rate, the manager noted that the modal policy rate path implied by options prices had \nnot changed appreciably on net over the intermeeting period and was broadly consistent with a single \nquarter-point lowering of the target range for the federal funds rate taking place during 2025. The \naverage rate path implied by futures prices was also little changed and was above the corresponding \nmedian rates in the December 2024 Summary of Economic Projections. The modal path implied by \nthe Open Market Desk’s Survey of Market Expectations shifted up somewhat over the intermeeting \nperiod, with respondents generally judging that policy rate reductions would occur later than previously \nassessed, and was broadly consistent with market-implied paths at horizons up to early 2026. Beyond that period, however, the survey-based path was notably below the market-implied path.', 'Broad equity prices also rose over the period, likely reflecting in part the solid \nincoming data and consequent lower odds of a weakening in the economic outlook. The VIX, which \nmeasures 30-day option-implied volatility of broad equity prices, had moved higher in the period \nleading up to the November elections and then decreased following Election Day. The manager noted that the federal funds rate path had shifted up notably over the period, as \nmeasured by both the options-implied modal path and the futures-implied average path. Although the \nfutures-implied path remained below the options-implied path at longer horizons, the gap between the \ntwo paths narrowed, likely reflecting market participants’ judgment that risks had become less skewed \ntoward the downside. In the Open Market Desk’s Survey of Primary Dealers and Survey of Market \nParticipants, a large majority of respondents had a modal expectation of a 25 basis point cut at this \nmeeting and another 25 basis point cut at the December meeting. Further out, there was \nconsiderably more uncertainty.', 'Pacific time (5 p.m. Eastern time). A live webcast (listen-only mode) of the conference call will be accessible at NVIDIA’s investor relations website, https://investor.nvidia.com. The webcast will be recorded and available for replay until NVIDIA’s conference call to discuss its financial results for its second quarter of fiscal 2027. Non-GAAP Measures To supplement NVIDIA’s condensed consolidated financial statements presented in accordance with GAAP, the company uses non-GAAP measures of certain components of financial performance. These non-GAAP measures include non-GAAP gross profit, non-GAAP gross margin, non-GAAP operating expenses, non-GAAP operating income, non-GAAP other income (expense), net, non-GAAP net income, non-GAAP net income, or earnings, per diluted share, and free cash flow. For NVIDIA’s investors to be better able to compare its current results with those of previous periods, the company has shown a reconciliation of GAAP to non-GAAP financial measures. These reconciliations adjust the related GAAP financial measures to exclude acquisition-related and other costs, other, gains/losses from equity securities, net, certain other income and expense, and the associated tax impact of these items where applicable. Beginning in the first quarter of fiscal 2027, NVIDIA’s non-GAAP financial measures no longer exclude stock-based compensation expense. The historical non-GAAP financial information presented has been updated to include stock-based compensation expense. Free cash flow is calculated as GAAP net cash provided by operating activities less both purchases related to property and equipment and intangible assets and principal payments on property and equipment and intangible assets. NVIDIA believes the presentation of its non-GAAP financial measures enhances the users’ overall understanding of the company’s historical financial performance. The presentation of the company’s non-GAAP financial measures is not meant to be considered in isolation or as a substitute for the company’s financial results prepared in accordance with GAAP, and the company’s non-GAAP measures may be different from non-GAAP measures used by other companies. About NVIDIA NVIDIA (NASDAQ: NVDA) is the world leader in AI and accelerated computing.', 'Data Center networking revenue was a record $14.8 billion, up 199% from a year ago and up 35% sequentially. Q1 Fiscal 2027 Summary GAAP ($ in millions, except earnings per share) Q1 FY27 Q4 FY26 Q1 FY26 Q/Q Y/Y Revenue $81,615 $68,127 $44,062 20\xa0 % 85\xa0 % Gross margin 74.9\xa0 % 75.0\xa0 % 60.5\xa0 % (0.1) pts 14.4 pts Operating expenses $7,621 $6,794 $5,030 12\xa0 % 52\xa0 % Operating income $53,536 $44,299 $21,638 21\xa0 % 147\xa0 % Net income $58,321 $42,960 $18,775 36\xa0 % 211\xa0 % Diluted earnings per share $2.39 $1.76 $0.76 36\xa0 % 214\xa0 % Non-GAAP ($ in millions, except earnings per share) Q1 FY27 Q4 FY26 Q1 FY26 Q/Q Y/Y Revenue $81,615 $68,127 $44,062 20\xa0 % 85\xa0 % Gross margin 75.0\xa0 % 75.1\xa0 % 60.8\xa0 % (0.1) pts 14.2 pts Operating expenses $7,449 $6,666 $4,993 12\xa0 % 49\xa0 % Operating income $53,783 $44,474 $21,801 21\xa0 % 147\xa0 % Net income $45,548 $38,969 $19,094 17\xa0 % 139\xa0 % Diluted earnings per share $1.87 $1.59 $0.78 18\xa0 % 140\xa0 % Outlook NVIDIA’s outlook for the second quarter of fiscal 2027 is as follows: • Revenue is expected to be $91.0 billion, plus or minus 2%. NVIDIA is not assuming any Data Center compute revenue from China in its outlook. • GAAP and non-GAAP gross margins are expected to be 74.9% and 75.0%, respectively, plus or minus 50 basis points. • GAAP and non-GAAP operating expenses are expected to be approximately $8.5 billion and $8.3 billion, respectively. For the full year fiscal 2027, NVIDIA expects GAAP and non-GAAP tax rates to be between 16.0% and 18.0%, excluding any discrete items and material changes to NVIDIA’s tax environment. Highlights Data Center • First-quarter revenue was a record $75.2 billion, up 21% from the previous quarter and up 92% from a year ago.', ""For the full year fiscal 2027, we expect GAAP and non-GAAP tax rates to be between 17.0% and 19.0%, excluding any discrete items and material changes to our tax environment. ______________ For further information, contact: Toshiya Hari Mylene Mangalindan Investor Relations Corporate Communications NVIDIA Corporation NVIDIA Corporation toshiyah@nvidia.com mmangalindan@nvidia.com Non-GAAP Measures To supplement NVIDIA’s condensed consolidated financial statements presented in accordance with GAAP, the company uses non-GAAP measures of certain components of financial performance. These non-GAAP measures include non-GAAP gross profit, non-GAAP gross margin, non-GAAP operating expenses, non-GAAP operating income, non-GAAP other income (expense), net, non-GAAP net income, non-GAAP net income, or earnings, per diluted share, and free cash flow. For NVIDIA’s investors to be better able to compare its current results with those of previous periods, the company has shown a reconciliation of GAAP to non-GAAP financial measures. The reconciliations for fiscal years 2025 and 2026 adjust the related GAAP financial measures to exclude stock-based compensation expense, acquisition-related and other costs, other, gains/losses from non-marketable and publicly-held equity securities, net, interest expense related to amortization of debt discount, and the associated tax impact of these items where applicable. Beginning in the first quarter of fiscal 2027, NVIDIA’s non-GAAP financial measures will no longer exclude stock-based compensation expense. Free cash flow is calculated as GAAP net cash provided by operating activities less both purchases related to property and equipment and intangible assets and principal payments on property and equipment and intangible assets. NVIDIA believes the presentation of its non-GAAP financial measures enhances the user's overall understanding of the company’s historical financial performance. The presentation of the company’s non-GAAP financial measures is not meant to be considered in isolation or as a substitute for the company’s financial results prepared in accordance with GAAP, and the company’s non-GAAP measures may be different from non-GAAP measures used by other companies. Certain statements in this CFO Commentary including, but not limited to, statements as to: expectations with respect to growth, performance and benefits of our products, services, and technologies, including Blackwell, and related trends and drivers; expectations with respect to supply and demand for our products, services, and technologies, including Blackwell, and related matters including inventory, production and distribution; expectations with respect to our third party arrangements, including with its collaborators and partners; expectations with respect to technology developments, including Vera Rubin, and related trends and drivers; our future cash dividends or other returns to stockholders, our financial and business outlook for the first quarter of fiscal 2027 and beyond; projected market growth and trends; expectations with respect to AI and related industries; and other statements that are not historical facts are forward-looking statements within the meaning of Section 27A of the Securities Act of 1933, as amended, and Section 21E of the Securities Exchange Act of 1934, as amended, which are subject to the “safe harbor” created by those sections based on management’s beliefs and assumptions and on information currently available to management and are subject to risks and uncertainties that could cause results to be materially different than expectations. Important factors that could cause actual results to differ materially include: global economic and political conditions; our reliance on third parties to manufacture, assemble, package and test our products; the impact of technological development and competition; development of new products and technologies or enhancements to our existing products and technologies; market acceptance of our products or our partners’ products; design, manufacturing or software defects; changes in consumer preferences or demands; changes in industry standards and interfaces; unexpected loss of performance of our products or technologies when integrated into systems; our ability to realize the potential benefits of business investments or acquisitions; and changes in applicable laws and regulations, as well as other factors detailed from time to time in the most recent reports NVIDIA files with the Securities and Exchange Commission, or SEC, including, but not limited to, its annual report on Form 10-K and quarterly reports on Form 10-Q.""]","The evidence points to conflicting signals between the Fed's rate path and NVDA's earnings trajectory. The Fed's cautious rate path implies a single quarter-point rate cut in 2025, while NVDA's strong earnings and revenue growth suggest a more optimistic outlook.

The biggest risk is NVDA's reliance on continued strong demand.","Macro sources show the Fed easing as inflation moderates and the labor market cools, a generally supportive backdrop, while NVIDIA's earnings show record Data Center / AI-driven growth; together these signals are broadly aligned, though NVIDIA's 10-K risk factors temper the view.",0.5,0.9266666666481332,0.6666666666666666
What dividend per share will NVDA pay in 2030?,"['2    December 17–18, 2024 \n \n \n \nRegarding international developments, the manager noted that market participants expected central \nbanks in nearly all advanced foreign economies (AFEs) to continue to reduce their policy rates in \n2025. In contrast to the U.S., market expectations for policy rates at the end of 2025 in most AFEs \nhad shifted lower over the intermeeting period.', 'A couple of other participants noted the absence of market functioning \nproblems in past episodes when purchases focused on Treasury bills. A number of participants noted \nthat the expected pace of paydowns of agency securities in the near term was around only $15 billion \nto $20 billion per month, and that redirecting these proceeds into Treasury bills once balance sheet \nrunoff ended likely would not adversely affect market functioning. Overall, most participants favored a long-run composition of the SOMA portfolio that matched the \ncomposition of Treasury securities outstanding, indicating that a proportional allocation would provide \nenough flexibility and may be simpler to communicate.', 'The 12-month trailing default rate on \nnonfinancial corporate bonds remained near the 25th percentile of its post-GFC range. Although the \ndefault rate for leveraged loans remained elevated, market-implied measures of year-ahead expected \ndefaults were below the median of their post-GFC distributions. For direct private credit borrowers, \ndefault rates remained low through March, but payment-in-kind continued to be used to defer interest \npayments in the fourth quarter of 2025, particularly in the software industry. The credit performance \nof loans to medium-sized and large businesses and municipalities remained solid, and the credit \nperformance of municipal bonds remained strong.', 'Our customers are racing to invest in AI compute — the factories powering the AI industrial revolution and their future growth.” During fiscal 2026, NVIDIA returned $41.1 billion to shareholders in the form of shares repurchased and cash dividends. As of the end of the fourth quarter, the company had $58.5 billion remaining under its share repurchase authorization. NVIDIA will pay its next quarterly cash dividend of $0.01 per share on April 1, 2026, to all shareholders of record on March 11, 2026. Q4 Fiscal 2026 Summary GAAP ($ in millions, except earnings per share) Q4 FY26 Q3 FY26 Q4 FY25 Q/Q Y/Y Revenue $68,127 $57,006 $39,331 20\xa0 % 73\xa0 % Gross margin 75.0\xa0 % 73.4\xa0 % 73.0\xa0 % 1.6 pts 2.0 pts Operating expenses $6,794 $5,839 $4,689 16\xa0 % 45\xa0 % Operating income $44,299 $36,010 $24,034 23\xa0 % 84\xa0 % Net income $42,960 $31,910 $22,091 35\xa0 % 94\xa0 % Diluted earnings per share $1.76 $1.30 $0.89 35\xa0 % 98\xa0 % Non-GAAP ($ in millions, except earnings per share) Q4 FY26 Q3 FY26 Q4 FY25 Q/Q Y/Y Revenue $68,127 $57,006 $39,331 20\xa0 % 73\xa0 % Gross margin 75.2\xa0 % 73.6\xa0 % 73.5\xa0 % 1.6 pts 1.7 pts Operating expenses $5,102 $4,215 $3,378 21\xa0 % 51\xa0 % Operating income $46,107 $37,752 $25,516 22\xa0 % 81\xa0 % Net income $39,552 $31,767 $22,066 25\xa0 % 79\xa0 % Diluted earnings per share $1.62 $1.30 $0.89 25\xa0 % 82\xa0 % Fiscal 2026 Summary GAAP ($ in millions, except earnings per share) FY26 FY25 Y/Y Revenue $215,938 $130,497 65\xa0 % Gross margin 71.1\xa0 % 75.0\xa0 % (3.9) pts Operating expenses $23,076 $16,405 41\xa0 % Operating income $130,387 $81,453 60\xa0 % Net income $120,067 $72,880 65\xa0 % Diluted earnings per share $4.90 $2.94 67\xa0 % Non-GAAP ($ in millions, except earnings per share) FY26 FY25 Y/Y Revenue $215,938 $130,497 65\xa0 % Gross margin 71.3\xa0 % 75.5\xa0 % (4.2) pts Operating expenses $16,694 $11,716 42\xa0 % Operating income $137,300 $86,789 58\xa0 % Net income $116,997 $74,265 58\xa0 % Diluted earnings per share $4.77 $2.99 60\xa0 % Outlook Beginning in the first quarter of fiscal 2027, NVIDIA will include stock-based compensation expense in non-GAAP financial measures.', 'The AI ecosystem is scaling fast — with more new foundation model makers, more AI startups, across more industries, and in more countries. AI is going everywhere, doing everything, all at once.” During the first nine months of fiscal 2026, NVIDIA returned $37.0 billion to shareholders in the form of shares repurchased and cash dividends. As of the end of the third quarter, the company had $62.2 billion remaining under its share repurchase authorization. NVIDIA will pay its next quarterly cash dividend of $0.01 per share on December 26, 2025, to all shareholders of record on December 4, 2025. Q3 Fiscal 2026 Summary GAAP ($ in millions, except earnings per share) Q3 FY26 Q2 FY26 Q3 FY25 Q/Q Y/Y Revenue $57,006 $46,743 $35,082 22\xa0 % 62\xa0 % Gross margin 73.4\xa0 % 72.4\xa0 % 74.6\xa0 % 1.0 pts (1.2) pts Operating expenses $5,839 $5,413 $4,287 8\xa0 % 36\xa0 % Operating income $36,010 $28,440 $21,869 27\xa0 % 65\xa0 % Net income $31,910 $26,422 $19,309 21\xa0 % 65\xa0 % Diluted earnings per share $1.30 $1.08 $0.78 20\xa0 % 67\xa0 % Non-GAAP ($ in millions, except earnings per share) Q3 FY26 Q2 FY26 Q3 FY25 Q/Q Y/Y Revenue $57,006 $46,743 $35,082 22\xa0 % 62\xa0 % Gross margin 73.6\xa0 % 72.7\xa0 % 75.0\xa0 % 0.9 pts (1.4) pts Operating expenses $4,215 $3,795 $3,046 11\xa0 % 38\xa0 % Operating income $37,752 $30,165 $23,276 25\xa0 % 62\xa0 % Net income $31,767 $25,783 $20,010 23\xa0 % 59\xa0 % Diluted earnings per share $1.30 $1.05 $0.81 24\xa0 % 60\xa0 % Outlook NVIDIA’s outlook for the fourth quarter of fiscal 2026 is as follows: • Revenue is expected to be $65.0 billion, plus or minus 2%. • GAAP and non-GAAP gross margins are expected to be 74.8% and 75.0%, respectively, plus or minus 50 basis points.', 'Excluding the $180 million release and related tax impact, non-GAAP diluted earnings per share for the quarter would have been $1.04. “Blackwell is the AI platform the world has been waiting for, delivering an exceptional generational leap — production of Blackwell Ultra is ramping at full speed, and demand is extraordinary,” said Jensen Huang, founder and CEO of NVIDIA. “NVIDIA NVLink rack-scale computing is revolutionary, arriving just in time as reasoning AI models drive orders-of-magnitude increases in training and inference performance. The AI race is on, and Blackwell is the platform at its center.” During the first half of fiscal 2026, NVIDIA returned $24.3 billion to shareholders in the form of shares repurchased and cash dividends. As of the end of the second quarter, the company had $14.7 billion remaining under its share repurchase authorization. On August 26, 2025, the Board of Directors approved an additional $60.0 billion to the Company’s share repurchase authorization, without expiration. NVIDIA will pay its next quarterly cash dividend of $0.01 per share on October 2, 2025, to all shareholders of record on September 11, 2025. Q2 Fiscal 2026 Summary GAAP ($ in millions, except earnings per share) Q2 FY26 Q1 FY26 Q2 FY25 Q/Q Y/Y Revenue $46,743 $44,062 $30,040 6\xa0 % 56\xa0 % Gross margin 72.4\xa0 % 60.5\xa0 % 75.1\xa0 % 11.9 pts (2.7) pts Operating expenses $5,413 $5,030 $3,932 8\xa0 % 38\xa0 % Operating income $28,440 $21,638 $18,642 31\xa0 % 53\xa0 % Net income $26,422 $18,775 $16,599 41\xa0 % 59\xa0 % Diluted earnings per share $1.08 $0.76 $0.67 42\xa0 % 61\xa0 % Non-GAAP ($ in millions, except earnings per share) Q2 FY26 Q1 FY26 Q2 FY25 Q/Q Y/Y Revenue $46,743 $44,062 $30,040 6\xa0 % 56\xa0 % Gross margin 72.7\xa0 % 61.0\xa0 % 75.7\xa0 % 11.7 pts (3.0) pts Gross margin excluding H20 related charges/releases, net 72.3\xa0 % 71.3\xa0 % 1.0\xa0 pt Operating expenses $3,795 $3,583 $2,792 6\xa0 % 36\xa0 % Operating income $30,165 $23,275 $19,937 30\xa0 % 51\xa0 % Net income $25,783 $19,894 $16,952 30\xa0 % 52\xa0 % Diluted earnings per share $1.05 $0.81 $0.68 30\xa0 % 54\xa0 % Diluted earnings per share excluding H20 related charges/releases, net and related tax impact $1.04 $0.96 8\xa0 % Outlook NVIDIA’s outlook for the third quarter of fiscal 2026 is as follows: • Revenue is expected to be $54.0 billion, plus or minus 2%. The company has not assumed any H20 shipments to China in the outlook.']","The evidence points to uncertainty about NVDA's 2030 dividend per share, as the provided context lacks relevant information. The context only mentions specific quarters in 2025 and 2026.

The biggest risk is lack of data on future dividend payments.","The provided context does not contain information about NVIDIA's future 2030 dividend per share, so this cannot be answered from the corpus.",0.75,0.0,0.0
